<?xml version="1.0" encoding="UTF-8"?>
<project-private xmlns="http://www.netbeans.org/ns/project-private/1">
    <editor-bookmarks xmlns="http://www.netbeans.org/ns/editor-bookmarks/2" lastBookmarkId="0"/>
    <open-files xmlns="http://www.netbeans.org/ns/projectui-open-files/2">
        <group>
            <file>file:/C:/Users/SAMSUNG/Documents/NetBeansProjects/akiharpg/src/akiharpg/Player.java</file>
            <file>file:/C:/Users/SAMSUNG/Documents/NetBeansProjects/akiharpg/src/akiharpg/InsertPlayerWindow.java</file>
            <file>file:/C:/Users/SAMSUNG/Documents/NetBeansProjects/akiharpg/src/akiharpg/PlayersWindow.java</file>
            <file>file:/C:/Users/SAMSUNG/Documents/NetBeansProjects/akiharpg/src/akiharpg/MastersWindow.java</file>
            <file>file:/C:/Users/SAMSUNG/Documents/NetBeansProjects/akiharpg/src/akiharpg/Akiharpg.java</file>
            <file>file:/C:/Users/SAMSUNG/Documents/NetBeansProjects/akiharpg/src/akiharpg/LevelUpWindow.java</file>
        </group>
    </open-files>
</project-private>
